<?xml version="1.0" encoding="UTF-8"?>
<GenRun Id="impl_1" LaunchPart="xc7a35tcpg236-1" LaunchTime="1605538228">
  <File Type="BITSTR-BMM" Name="displayMux_bd.bmm"/>
  <File Type="OPT-METHODOLOGY-DRC" Name="displayMux_methodology_drc_opted.rpt"/>
  <File Type="INIT-TIMING" Name="displayMux_timing_summary_init.rpt"/>
  <File Type="ROUTE-PWR" Name="displayMux_power_routed.rpt"/>
  <File Type="PA-TCL" Name="displayMux.tcl"/>
  <File Type="OPT-TIMING" Name="displayMux_timing_summary_opted.rpt"/>
  <File Type="OPT-DCP" Name="displayMux_opt.dcp"/>
  <File Type="ROUTE-PWR-SUM" Name="displayMux_power_summary_routed.pb"/>
  <File Type="REPORTS-TCL" Name="displayMux_reports.tcl"/>
  <File Type="OPT-DRC" Name="displayMux_drc_opted.rpt"/>
  <File Type="OPT-HWDEF" Name="displayMux.hwdef"/>
  <File Type="PWROPT-DCP" Name="displayMux_pwropt.dcp"/>
  <File Type="PWROPT-DRC" Name="displayMux_drc_pwropted.rpt"/>
  <File Type="PWROPT-TIMING" Name="displayMux_timing_summary_pwropted.rpt"/>
  <File Type="PLACE-DCP" Name="displayMux_placed.dcp"/>
  <File Type="PLACE-IO" Name="displayMux_io_placed.rpt"/>
  <File Type="PLACE-CLK" Name="displayMux_clock_utilization_placed.rpt"/>
  <File Type="PLACE-UTIL" Name="displayMux_utilization_placed.rpt"/>
  <File Type="PLACE-UTIL-PB" Name="displayMux_utilization_placed.pb"/>
  <File Type="PLACE-CTRL" Name="displayMux_control_sets_placed.rpt"/>
  <File Type="PLACE-SIMILARITY" Name="displayMux_incremental_reuse_placed.rpt"/>
  <File Type="PLACE-PRE-SIMILARITY" Name="displayMux_incremental_reuse_pre_placed.rpt"/>
  <File Type="PLACE-TIMING" Name="displayMux_timing_summary_placed.rpt"/>
  <File Type="POSTPLACE-PWROPT-DCP" Name="displayMux_postplace_pwropt.dcp"/>
  <File Type="BG-BIN" Name="displayMux.bin"/>
  <File Type="POSTPLACE-PWROPT-TIMING" Name="displayMux_timing_summary_postplace_pwropted.rpt"/>
  <File Type="PHYSOPT-DCP" Name="displayMux_physopt.dcp"/>
  <File Type="PHYSOPT-DRC" Name="displayMux_drc_physopted.rpt"/>
  <File Type="BITSTR-MSK" Name="displayMux.msk"/>
  <File Type="PHYSOPT-TIMING" Name="displayMux_timing_summary_physopted.rpt"/>
  <File Type="ROUTE-ERROR-DCP" Name="displayMux_routed_error.dcp"/>
  <File Type="ROUTE-DCP" Name="displayMux_routed.dcp"/>
  <File Type="ROUTE-BLACKBOX-DCP" Name="displayMux_routed_bb.dcp"/>
  <File Type="ROUTE-DRC" Name="displayMux_drc_routed.rpt"/>
  <File Type="ROUTE-DRC-PB" Name="displayMux_drc_routed.pb"/>
  <File Type="ROUTE-DRC-RPX" Name="displayMux_drc_routed.rpx"/>
  <File Type="BITSTR-MMI" Name="displayMux.mmi"/>
  <File Type="ROUTE-METHODOLOGY-DRC" Name="displayMux_methodology_drc_routed.rpt"/>
  <File Type="ROUTE-METHODOLOGY-DRC-RPX" Name="displayMux_methodology_drc_routed.rpx"/>
  <File Type="ROUTE-METHODOLOGY-DRC-PB" Name="displayMux_methodology_drc_routed.pb"/>
  <File Type="ROUTE-PWR-RPX" Name="displayMux_power_routed.rpx"/>
  <File Type="ROUTE-STATUS" Name="displayMux_route_status.rpt"/>
  <File Type="ROUTE-STATUS-PB" Name="displayMux_route_status.pb"/>
  <File Type="ROUTE-TIMINGSUMMARY" Name="displayMux_timing_summary_routed.rpt"/>
  <File Type="ROUTE-TIMING-PB" Name="displayMux_timing_summary_routed.pb"/>
  <File Type="ROUTE-TIMING-RPX" Name="displayMux_timing_summary_routed.rpx"/>
  <File Type="ROUTE-SIMILARITY" Name="displayMux_incremental_reuse_routed.rpt"/>
  <File Type="ROUTE-CLK" Name="displayMux_clock_utilization_routed.rpt"/>
  <File Type="ROUTE-BUS-SKEW" Name="displayMux_bus_skew_routed.rpt"/>
  <File Type="ROUTE-BUS-SKEW-PB" Name="displayMux_bus_skew_routed.pb"/>
  <File Type="ROUTE-BUS-SKEW-RPX" Name="displayMux_bus_skew_routed.rpx"/>
  <File Type="POSTROUTE-PHYSOPT-DCP" Name="displayMux_postroute_physopt.dcp"/>
  <File Type="POSTROUTE-PHYSOPT-BLACKBOX-DCP" Name="displayMux_postroute_physopt_bb.dcp"/>
  <File Type="POSTROUTE-PHYSOPT-TIMING" Name="displayMux_timing_summary_postroute_physopted.rpt"/>
  <File Type="POSTROUTE-PHYSOPT-TIMING-PB" Name="displayMux_timing_summary_postroute_physopted.pb"/>
  <File Type="POSTROUTE-PHYSOPT-TIMING-RPX" Name="displayMux_timing_summary_postroute_physopted.rpx"/>
  <File Type="POSTROUTE-PHYSOPT-BUS-SKEW" Name="displayMux_bus_skew_postroute_physopted.rpt"/>
  <File Type="POSTROUTE-PHYSOPT-BUS-SKEW-PB" Name="displayMux_bus_skew_postroute_physopted.pb"/>
  <File Type="BG-BIT" Name="displayMux.bit"/>
  <File Type="POSTROUTE-PHYSOPT-BUS-SKEW-RPX" Name="displayMux_bus_skew_postroute_physopted.rpx"/>
  <File Type="BITSTR-RBT" Name="displayMux.rbt"/>
  <File Type="BITSTR-NKY" Name="displayMux.nky"/>
  <File Type="PDI-FILE" Name="displayMux.pdi"/>
  <File Type="RCFI_FILE" Name="displayMux.rcfi"/>
  <File Type="CFI_FILE" Name="displayMux.cfi"/>
  <File Type="RNPI_FILE" Name="displayMux.rnpi"/>
  <File Type="NPI_FILE" Name="displayMux.npi"/>
  <File Type="RBD_FILE" Name="displayMux.rbd"/>
  <File Type="BITSTR-LTX" Name="debug_nets.ltx"/>
  <File Type="BITSTR-LTX" Name="displayMux.ltx"/>
  <File Type="BITSTR-SYSDEF" Name="displayMux.sysdef"/>
  <File Type="BG-BGN" Name="displayMux.bgn"/>
  <File Type="BG-DRC" Name="displayMux.drc"/>
  <File Type="RDI-RDI" Name="displayMux.vdi"/>
  <File Type="WBT-USG" Name="usage_statistics_webtalk.html"/>
  <FileSet Name="sources" Type="DesignSrcs" RelSrcDir="$PSRCDIR/sources_1">
    <Filter Type="Srcs"/>
    <File Path="$PSRCDIR/sources_1/new/decodificadorBCD.vhd">
      <FileInfo>
        <Attr Name="UsedIn" Val="synthesis"/>
        <Attr Name="UsedIn" Val="simulation"/>
      </FileInfo>
    </File>
    <File Path="$PSRCDIR/sources_1/new/mux2.vhd">
      <FileInfo>
        <Attr Name="UsedIn" Val="synthesis"/>
        <Attr Name="UsedIn" Val="simulation"/>
      </FileInfo>
    </File>
    <File Path="$PSRCDIR/sources_1/new/displayMux.vhd">
      <FileInfo>
        <Attr Name="UsedIn" Val="synthesis"/>
        <Attr Name="UsedIn" Val="simulation"/>
      </FileInfo>
    </File>
    <Config>
      <Option Name="DesignMode" Val="RTL"/>
      <Option Name="TopModule" Val="displayMux"/>
    </Config>
  </FileSet>
  <FileSet Name="constrs_in" Type="Constrs" RelSrcDir="$PSRCDIR/constrs_1">
    <Filter Type="Constrs"/>
    <File Path="$PSRCDIR/constrs_1/imports/3° Semestre/Basys3_Master.xdc">
      <FileInfo>
        <Attr Name="ImportPath" Val="$PPRDIR/../../3° Semestre/Basys3_Master.xdc"/>
        <Attr Name="ImportTime" Val="1602697569"/>
        <Attr Name="UsedIn" Val="synthesis"/>
        <Attr Name="UsedIn" Val="implementation"/>
      </FileInfo>
    </File>
    <Config>
      <Option Name="ConstrsType" Val="XDC"/>
    </Config>
  </FileSet>
  <FileSet Name="utils" Type="Utils" RelSrcDir="$PSRCDIR/utils_1">
    <Filter Type="Utils"/>
    <Config>
      <Option Name="TopAutoSet" Val="TRUE"/>
    </Config>
  </FileSet>
  <Strategy Version="1" Minor="2">
    <StratHandle Name="Vivado Implementation Defaults" Flow="Vivado Implementation 2020"/>
    <Step Id="init_design"/>
    <Step Id="opt_design"/>
    <Step Id="power_opt_design"/>
    <Step Id="place_design"/>
    <Step Id="post_place_power_opt_design"/>
    <Step Id="phys_opt_design"/>
    <Step Id="route_design"/>
    <Step Id="post_route_phys_opt_design"/>
    <Step Id="write_bitstream"/>
  </Strategy>
</GenRun>
